,,,,,MP,FG,FGA,FG%,3P,3PA,3P%,2P,2PA,2P%,eFG%,FT,FTA,FT%,ORB,DRB,TRB,AST,STL,BLK,TOV,PF,PTS/G
,Michael Jordan,,,,37.7,11.2,22.6,0.495,1.4,3.2,0.427,9.8,19.4,0.506,0.525,6.7,8,0.834,1.8,4.8,6.6,4.3,2.2,0.5,2.4,2.4,30.4
,Scottie Pippen,,,,36.7,7.3,15.8,0.463,1.9,5.2,0.374,5.4,10.6,0.507,0.525,2.9,4.2,0.679,2,4.5,6.4,5.9,1.7,0.7,2.7,2.6,19.4
,Dennis Rodman,,,,32.6,2.3,4.8,0.48,0,0.4,0.111,2.2,4.3,0.516,0.485,0.9,1.7,0.528,5.6,9.3,14.9,2.5,0.6,0.4,2.2,3.1,5.5
,Luc Longley,,,,26.5,3.9,8.1,0.482,0,0,,3.9,8.1,0.482,0.482,1.3,1.7,0.777,1.7,3.5,5.1,1.9,0.4,1.4,1.8,3.6,9.1
,Toni Kukoƒç,,,,26,4.8,9.7,0.49,1.1,2.7,0.403,3.7,7,0.524,0.546,2.5,3.3,0.772,1.4,2.6,4,3.5,0.8,0.3,1.4,1.9,13
,,,,,,,,,,,,,,,,,,,,,,,,,,,
,,,,,MP,FG,FGA,FG%,3P,3PA,3P%,2P,2PA,2P%,eFG%,FT,FTA,FT%,ORB,DRB,TRB,AST,STL,BLK,TOV,PF,PTS/G
,Draymond Green,,,,34.7,5,10.1,0.49,1.2,3.2,0.388,3.7,6.9,0.537,0.551,2.8,4.1,0.696,1.7,7.8,9.5,7.4,1.5,1.4,3.2,3,14
,Stephen Curry,,,,34.2,10.2,20.2,0.504,5.1,11.2,0.454,5.1,9,0.566,0.63,4.6,5.1,0.908,0.9,4.6,5.4,6.7,2.1,0.2,3.3,2,30.1
,Klay Thompson,,,,33.3,8.1,17.3,0.47,3.5,8.1,0.425,4.7,9.2,0.51,0.569,2.4,2.8,0.873,0.4,3.4,3.8,2.1,0.8,0.6,1.7,1.9,22.1
,Harrison Barnes,,,,30.9,4.5,9.6,0.466,1.2,3.2,0.383,3.2,6.3,0.508,0.531,1.5,2,0.761,1.2,3.8,4.9,1.8,0.6,0.2,0.9,2.1,11.7
,Andre Iguodala,,,,26.6,2.7,5.7,0.478,0.8,2.4,0.351,1.9,3.3,0.57,0.552,0.8,1.3,0.614,0.8,3.2,4,3.4,1.1,0.3,1.2,1.6,7